[
  {
    "icon": "fa fa-home",
    "slug": "external",
    "title": "Volver al Inicio",
    "path": "index.html"
  },  
  { 
    "id": 1,
    "icon": "fa fa-file-text-o",
    "slug": "trazo_extendido",
    "title": "1. Trazo, extendido y corte.",
    "breadcrumb": ["Inicio","tema1"],
    "path": "pages/tema-1.html"    
  },

  {
    "id": 2,
    "icon": "fa fa-file-text-o",
    "slug": "ficha_tecnica",
    "title": "2. Ficha técnica.",
    "breadcrumb": ["Inicio", "Tema 2"],
    "path": "pages/tema-2.html"
  },
  {
    "id": 3,
    "icon": "fa fa-file-text-o",
    "slug": "proceso_confeccion",
    "title": "3. Proceso de confección",
    "breadcrumb": ["Inicio", "Tema 3"],
    "path": "pages/tema-3.html"    
  }  
]